{
    "accuracy": 0.8547008547008547,
    "f1_macro": 0.8672555043522786,
    "f1_weighted": 0.8528299657331915,
    "roc_auc": 0.9870287006776779,
    "recall": 0.8702889702889703
}