{
    "accuracy": 0.8952991452991453,
    "f1_macro": 0.8959062323087745,
    "f1_weighted": 0.8942545769901274,
    "roc_auc": 0.9918730064883916,
    "recall": 0.8978456969453137
}